{
  "project": "05_co2_emissions",
  "task": "regression CO2 (g/km)",
  "n_train": 26886,
  "n_val": 8962,
  "n_test": 8963,
  "n_features": 20,
  "results": {
    "linreg": {
      "val": {
        "rmse": 2.0432094382467807,
        "mae": 1.1589862291467303,
        "r2": 0.9972746366389307
      },
      "test": {
        "rmse": 2.0953636738705157,
        "mae": 1.175154724755986,
        "r2": 0.9971065998603045
      }
    },
    "rf": {
      "val": {
        "rmse": 1.3084990424802654,
        "mae": 0.18683539864342935,
        "r2": 0.9988822479905284
      },
      "test": {
        "rmse": 1.9404402745878568,
        "mae": 0.2079088937453668,
        "r2": 0.9975186373717397
      }
    },
    "xgb_baseline": {
      "val": {
        "rmse": 0.6335259330564786,
        "mae": 0.2754547810400205,
        "r2": 0.9997379842274144
      },
      "test": {
        "rmse": 0.9891423322528639,
        "mae": 0.28849024263514106,
        "r2": 0.9993552263890685
      }
    },
    "xgb_tuned": {
      "val": {
        "rmse": 0.4692724596752719,
        "mae": 0.14313507931383027,
        "r2": 0.9998562364541876
      },
      "test": {
        "rmse": 0.9492422262281878,
        "mae": 0.15640099442565095,
        "r2": 0.9994061951021614
      },
      "config": {
        "n_estimators": 400,
        "max_depth": 8,
        "learning_rate": 0.05,
        "subsample": 0.9,
        "colsample_bytree": 0.8
      }
    },
    "rf_top_features": [
      [
        "Consommation extra-urbaine (l/100km)",
        0.7913939722312925
      ],
      [
        "Consommation mixte (l/100km)",
        0.18038965889293365
      ],
      [
        "Puissance administrative",
        0.005520060011363674
      ],
      [
        "NOX (g/km)",
        0.004270347935639674
      ],
      [
        "Consommation urbaine (l/100km)",
        0.003097414524761222
      ],
      [
        "Carburant_GP/ES",
        0.002565318460988465
      ],
      [
        "Puissance maximale (kW)",
        0.0017514586789105684
      ],
      [
        "Carburant_GO",
        0.0015006621931304542
      ],
      [
        "masse vide euro max (kg)",
        0.0013137562068907805
      ],
      [
        "Carburant_ES/GN",
        0.0010008052496891962
      ],
      [
        "masse vide euro min (kg)",
        0.0008502324198331264
      ],
      [
        "Carburant_GN",
        0.0008145467300089024
      ],
      [
        "Carburant_GN/ES",
        0.000810290018126678
      ],
      [
        "HC (g/km)",
        0.000704423028545675
      ],
      [
        "Carrosserie_COMBISPACE",
        0.0006585376981005791
      ]
    ]
  }
}